Issue#,Category,Checklist_Status,Actual_Status,Severity,Files_Affected,Description,Action_Required
1,Security,FIXED,FIXED,OK,scripts/test/test-pgbouncer-healthcheck.sh,Hardcoded test credentials removed - dynamic generation implemented,None
2,Security,NOT_FIXED,INTENTIONAL_TEST,Medium,scripts/test/test-pgbouncer-failures.sh,chmod 777 test code documented as intentional security test,Consider relocating to separate test directory
3,Security,NOT_FIXED,FIXED,Critical,stacks/primary/scripts/pgbouncer-entrypoint.sh,.pgpass permission verification added in Phase 3,Update audit checklist status
4,Documentation,FIXED,FIXED,OK,stacks/primary/.env.example,Missing environment variables documented,None
5,Documentation,PARTIAL,PARTIAL,OK,compose.yml,PGPASSWORD in environment documented as acceptable for private networks,None
6,Documentation,FIXED,FIXED,OK,README.md,TLS/SSL configuration guide added,None
7,Configuration,VERIFIED,VERIFIED,OK,stacks/replica/scripts/replica-init.sh,SQL injection risk mitigated with parameter substitution,None
8,Configuration,FIXED,FIXED,OK,stacks/primary/scripts/pgbouncer-entrypoint.sh,IP address validation for PGBOUNCER_LISTEN_ADDR added,None
9,Configuration,VERIFIED,VERIFIED,OK,stacks/primary/scripts/pgbouncer-entrypoint.sh,Password escape sequences handled correctly RFC-compliant,None
10,Monitoring,PARTIAL,PARTIAL,OK,docker/postgres/docker-auto-config-entrypoint.sh,Enhanced logging for auto-config detection,None
11,Security,VERIFIED,VERIFIED,OK,docker/postgres/configs/pg_hba.conf,Private network ranges documented as reasonable for Docker,None
12,Security,VERIFIED,VERIFIED,OK,All,PGPASSWORD usage documented as acceptable pattern,None
13,Documentation,PARTIAL,FIXED,High,.gitignore,All defensive patterns now present - checklist underestimated,Update audit checklist status
14,Testing,VERIFIED,VERIFIED,OK,scripts/test/,Compose cleanup pattern acceptable,None
15,Monitoring,VERIFIED,VERIFIED,OK,docker/postgres/configs/postgres_exporter_queries.yaml,Metrics exposure acceptable on isolated monitoring network,None
16,Configuration,VERIFIED,VERIFIED,OK,docker/postgres/configs/postgresql-base.conf,pgAudit and pg_cron defaults appropriate,None
17,Configuration,VERIFIED,VERIFIED,OK,docker/postgres/configs/,Base configuration well-organized and complete,None
18,Configuration,VERIFIED,VERIFIED,OK,docker/postgres/configs/,Stack-specific configs correctly include base - no drift,None
19,Configuration,VERIFIED,VERIFIED,OK,docker/postgres/docker-entrypoint-initdb.d/,Init script execution order verified correct,None
20,Configuration,VERIFIED,VERIFIED,OK,docker/postgres/extensions.manifest.json,Extension manifest properly categorized and organized,None
21,Configuration,VERIFIED,VERIFIED,OK,docker/postgres/docker-auto-config-entrypoint.sh,Auto-config memory allocation formulas all verified correct,None
22,Configuration,FIXED,FIXED,OK,docker/postgres/docker-auto-config-entrypoint.sh,CPU sanity check added with clamping 1-128,None
23,Configuration,VERIFIED,VERIFIED,OK,docker/postgres/configs/,All hardcoded values are appropriate PG18-optimized defaults,None
24,Configuration,VERIFIED,VERIFIED,OK,docker/postgres/configs/,No config drift between stacks detected,None
25,Configuration,VERIFIED,VERIFIED,OK,docker/postgres/configs/postgresql-base.conf,All PG18 optimizations verified implemented,None
26,Security,VERIFIED,VERIFIED,OK,All,SCRAM-SHA-256 authentication verified in use,None
27,Security,VERIFIED,VERIFIED,OK,docker/postgres/docker-entrypoint-initdb.d/02-replication.sh,PgBouncer auth function SECURITY DEFINER verified correct,None
28,Security,VERIFIED,VERIFIED,OK,docker/postgres/docker-entrypoint-initdb.d/02-replication.sh,Connection limits per role verified correct,None
29,Security,VERIFIED,VERIFIED,OK,stacks/replica/scripts/replica-init.sh,PGDATA path validation prevents dangerous operations,None
30,Security,VERIFIED,VERIFIED,OK,stacks/replica/scripts/replica-init.sh,Replication slot name validation prevents SQL injection,None
31,Security,VERIFIED,VERIFIED,OK,stacks/primary/scripts/pgbouncer-entrypoint.sh,Umask enforcement verified (077),None
32,Security,VERIFIED,VERIFIED,OK,docker/postgres/extensions.manifest.json,SHA-pinned extension builds prevent tag poisoning,None
33,Security,VERIFIED,VERIFIED,OK,Dockerfile,PGDG GPG-signed packages verified,None
34,Security,VERIFIED,VERIFIED,OK,docker/postgres/configs/postgresql-base.conf,Minimal default preload verified,None
35,Security,VERIFIED,VERIFIED,OK,Dockerfile,Data checksums enabled by default,None
36,Security,VERIFIED,VERIFIED,OK,docker/postgres/configs/postgresql-base.conf,Logging configuration verified comprehensive,None
37,Documentation,FIXED,FIXED,OK,README.md,TLS enablement guide added,None
38,Documentation,FIXED,FIXED,OK,AGENTS.md,Init script order documented including pgsodium,None
39,Documentation,FIXED,FIXED,OK,AGENTS.md and docs,Memory allocation table corrections applied,None
40,Documentation,FIXED,FIXED,OK,Multiple files,timescaledb_toolkit size corrected 186MB→13MB,None
41,Documentation,FIXED,FIXED,OK,Multiple files,Memory allocation percentages standardized,None
42,Bug_Fix,FIXED,FIXED,OK,scripts/test/test-auto-config.sh,Undefined cleanup_test_container function removed,None
43,Bug_Fix,FIXED,FIXED,OK,docker/postgres/docker-auto-config-entrypoint.sh,listen_addresses honors POSTGRES_BIND_IP,None
44,Bug_Fix,FIXED,FIXED,OK,docker/postgres/docker-auto-config-entrypoint.sh,max_worker_processes capped at 64,None
45,Bug_Fix,FIXED,FIXED,OK,docker/postgres/docker-auto-config-entrypoint.sh,CPU core sanity check added,None
46,Configuration,FIXED,NOT_FIXED,CRITICAL,stacks/*/compose.yml,PostgreSQL healthcheck start_period claimed as 60s→120s but NOT implemented,MUST implement: change 60s to 120s in all 3 stacks
47,Configuration,FIXED,NOT_FIXED,CRITICAL,stacks/*/compose.yml,PgBouncer healthcheck timeout claimed as 5s→10s but NOT implemented,MUST implement: change 5s to 10s for pgbouncer in all 3 stacks
48,Enhancement,FIXED,FIXED,OK,stacks/primary/scripts/pgbouncer-entrypoint.sh,PGBOUNCER_SERVER_SSLMODE env-configurable,None
49,Enhancement,FIXED,FIXED,OK,stacks/primary/scripts/pgbouncer-entrypoint.sh,PgBouncer pool sizes env-configurable,None
50,Enhancement,FIXED,FIXED,OK,stacks/primary/.env.example,Missing env vars documented,None
51,Enhancement,FIXED,PARTIAL,High,README.md + AGENTS.md,!override YAML tag: code fixed but docs still misleading,Remove !override references from docs
52,Enhancement,FIXED,FIXED,OK,stacks/primary/.env.example,Password complexity guidance added,None
53,Optimization,FIXED,FIXED,OK,docker/postgres/extensions.runtime-packages.txt,Python3 removed from runtime,None
54,Optimization,FIXED,FIXED,OK,Dockerfile,PGDG .so libraries stripped,None
55,Optimization,FIXED,FIXED,OK,Dockerfile,apt-get clean in all RUN blocks,None
56,Security,FIXED,FIXED,OK,scripts/test/test-pgbouncer-healthcheck.sh,Hardcoded test credentials removed,None
57,Security,FIXED,FIXED,OK,docker/postgres/docker-entrypoint-initdb.d/03-pgsodium-init.sh,pgsodium hardened with search_path=pg_catalog,None
58,Security,FIXED,FIXED,OK,stacks/primary/scripts/pgbouncer-entrypoint.sh,PgBouncer healthcheck uses PGPASSWORD authentication,None
59,Monitoring,FIXED,FIXED,OK,docker/postgres/docker-auto-config-entrypoint.sh,Exact computed worker values logged,None
60,Monitoring,FIXED,FIXED,OK,docker/postgres/docker-auto-config-entrypoint.sh,Enhanced auto-config logging with detection source,None
